20000, 2, 5874600
20000, 4, 4900600
20000, 6, 5727300
20000, 8, 9073100
20000, 10, 6113900
20000, 12, 9576100
20000, 14, 10318700
20000, 16, 6671800
20000, 18, 10192300
20000, 20, 8535800
20000, 22, 8232900
20000, 24, 12267700
20000, 26, 11443400
20000, 28, 8485800
20000, 30, 12395500
20000, 32, 13050200
20000, 34, 12782200
20000, 36, 4901800
20000, 38, 4979700
20000, 40, 5953300
20000, 42, 4988000
20000, 44, 6407100
20000, 46, 3546200
20000, 48, 3228600
20000, 50, 5755700
20000, 52, 5190100
20000, 54, 5665700
20000, 56, 5290200
20000, 58, 5145400
20000, 60, 5882600
20000, 62, 3889200
20000, 64, 3483700
20000, 66, 4969200
20000, 68, 4188500
20000, 70, 3936200
20000, 72, 3775900
20000, 74, 3455800
20000, 76, 4720500
20000, 78, 5639500
20000, 80, 5397400
20000, 82, 5613100
20000, 84, 3205000
20000, 86, 3840300
20000, 88, 3338900
20000, 90, 3368500
20000, 92, 5607800
20000, 94, 3250500
20000, 96, 3394500
20000, 98, 3729400
20000, 100, 3235900
20000, 102, 4758000
20000, 104, 3348800
20000, 106, 3960500
20000, 108, 8372100
20000, 110, 7767900
20000, 112, 3699200
20000, 114, 3688200
20000, 116, 3363400
20000, 118, 5094700
20000, 120, 3482900
20000, 122, 3531500
20000, 124, 4787300
20000, 126, 6304800
20000, 128, 7956900
20000, 130, 5972800
20000, 132, 3941800
20000, 134, 6417500
20000, 136, 3480200
20000, 138, 3909500
20000, 140, 3611700
20000, 142, 3572100
20000, 144, 5662400
20000, 146, 4298200
20000, 148, 6391800
20000, 150, 7291000
20000, 152, 7014200
20000, 154, 6336100
20000, 156, 4119600
20000, 158, 4791600
20000, 160, 3949800
20000, 162, 5041800
20000, 164, 3778300
20000, 166, 3645100
20000, 168, 11419400
20000, 170, 4437300
20000, 172, 6705100
20000, 174, 6558100
20000, 176, 12630700
20000, 178, 16271300
20000, 180, 13956300
20000, 182, 13641700
20000, 184, 10797000
20000, 186, 8825800
20000, 188, 13439600
20000, 190, 12400900
20000, 192, 11462600
20000, 194, 16639600
20000, 196, 13261200
20000, 198, 13801100
20000, 200, 14757900
20000, 202, 5458000
20000, 204, 7732400
20000, 206, 5944300
20000, 208, 4069200
20000, 210, 4501200
20000, 212, 3535000
20000, 214, 5604800
20000, 216, 6578100
20000, 218, 4686300
20000, 220, 6644800
20000, 222, 5216300
20000, 224, 5974600
20000, 226, 5440400
20000, 228, 3554500
20000, 230, 5508200
20000, 232, 3657700
20000, 234, 3615800
20000, 236, 5636000
20000, 238, 3638100
20000, 240, 3735300
20000, 242, 5460100
20000, 244, 3897700
20000, 246, 6462400
20000, 248, 4373000
20000, 250, 3952900
20000, 252, 4849300
20000, 254, 3954800
20000, 256, 5430500
20000, 258, 4985300
20000, 260, 3777300
20000, 262, 6294700
20000, 264, 4023300
20000, 266, 3895700
20000, 268, 4973900
20000, 270, 3890200
20000, 272, 6603300
20000, 274, 4317000
20000, 276, 4261700
20000, 278, 5309500
20000, 280, 4344100
20000, 282, 5419300
20000, 284, 4652800
20000, 286, 4208400
20000, 288, 7015500
20000, 290, 4013500
20000, 292, 4263800
20000, 294, 5513000
20000, 296, 4153900
20000, 298, 6554200
20000, 300, 4159100
30000, 2, 3902000
30000, 4, 3721200
30000, 6, 4402700
30000, 8, 3500400
30000, 10, 4232600
30000, 12, 3466300
30000, 14, 3912700
30000, 16, 3747200
30000, 18, 3649600
30000, 20, 4308400
30000, 22, 3396000
30000, 24, 4325500
30000, 26, 3363300
30000, 28, 3875500
30000, 30, 5738700
30000, 32, 4177200
30000, 34, 4620900
30000, 36, 3555100
30000, 38, 4180900
30000, 40, 3414700
30000, 42, 4023800
30000, 44, 4304500
30000, 46, 3480000
30000, 48, 4857700
30000, 50, 3559500
30000, 52, 4293100
30000, 54, 3501900
30000, 56, 4067800
30000, 58, 4328300
30000, 60, 3597700
30000, 62, 5127000
30000, 64, 3577500
30000, 66, 4425700
30000, 68, 3605900
30000, 70, 4086900
30000, 72, 4644100
30000, 74, 3671200
30000, 76, 5376000
30000, 78, 3723500
30000, 80, 4517400
30000, 82, 3772900
30000, 84, 4183700
30000, 86, 5044200
30000, 88, 3789300
30000, 90, 5782600
30000, 92, 3915900
30000, 94, 4666900
30000, 96, 3951000
30000, 98, 4097700
30000, 100, 5402400
30000, 102, 4159900
30000, 104, 6034700
30000, 106, 4026700
30000, 108, 4868500
30000, 110, 4060300
30000, 112, 4229400
30000, 114, 6281400
30000, 116, 4071600
30000, 118, 6551800
30000, 120, 4190700
30000, 122, 4775300
30000, 124, 4780100
30000, 126, 4179400
30000, 128, 6455700
30000, 130, 4267700
30000, 132, 6451600
30000, 134, 4357300
30000, 136, 4796300
30000, 138, 4781500
30000, 140, 4446100
30000, 142, 6920000
30000, 144, 4423100
30000, 146, 6668900
30000, 148, 4473600
30000, 150, 6257600
30000, 152, 5167800
30000, 154, 4608400
30000, 156, 7316100
30000, 158, 4658400
30000, 160, 6847900
30000, 162, 4644500
30000, 164, 6373000
30000, 166, 5618100
30000, 168, 4732600
30000, 170, 7565200
30000, 172, 4966800
30000, 174, 6911400
30000, 176, 4973600
30000, 178, 6364700
30000, 180, 6096500
30000, 182, 5267200
30000, 184, 8256400
30000, 186, 5255300
30000, 188, 6972900
30000, 190, 6070300
30000, 192, 6711100
30000, 194, 6572200
30000, 196, 5185900
30000, 198, 9241300
30000, 200, 8451000
30000, 202, 7950300
30000, 204, 5152700
30000, 206, 6356800
30000, 208, 6993900
30000, 210, 5213300
30000, 212, 8938900
30000, 214, 5839700
30000, 216, 10200500
30000, 218, 5715100
30000, 220, 6513800
30000, 222, 7175300
30000, 224, 6680500
30000, 226, 5365800
30000, 228, 9182600
30000, 230, 5523500
30000, 232, 7853400
30000, 234, 5620100
30000, 236, 7078900
30000, 238, 7328200
30000, 240, 5657600
30000, 242, 9681600
30000, 244, 5526500
30000, 246, 8150700
30000, 248, 5655300
30000, 250, 7382600
30000, 252, 7589700
30000, 254, 5799100
30000, 256, 9833700
30000, 258, 5761000
30000, 260, 8065000
30000, 262, 5860500
30000, 264, 7158800
30000, 266, 8274500
30000, 268, 5915600
30000, 270, 10045600
30000, 272, 6119000
30000, 274, 7843100
30000, 276, 6218400
30000, 278, 7059600
30000, 280, 8757500
30000, 282, 6254700
30000, 284, 10673800
30000, 286, 6262200
30000, 288, 8124500
30000, 290, 6311400
30000, 292, 7159800
30000, 294, 9184800
30000, 296, 6559000
30000, 298, 10661800
30000, 300, 6534300
40000, 2, 5166000
40000, 4, 6122600
40000, 6, 5576500
40000, 8, 4780400
40000, 10, 5378900
40000, 12, 5740900
40000, 14, 5722300
40000, 16, 4683600
40000, 18, 4905400
40000, 20, 5502900
40000, 22, 5968500
40000, 24, 5071200
40000, 26, 4666300
40000, 28, 5231100
40000, 30, 6196700
40000, 32, 5154500
40000, 34, 4738900
40000, 36, 5039300
40000, 38, 6344800
40000, 40, 5674000
40000, 42, 4747600
40000, 44, 5687300
40000, 46, 6269200
40000, 48, 6187400
40000, 50, 4803900
40000, 52, 5377600
40000, 54, 6154200
40000, 56, 6728100
40000, 58, 5840700
40000, 60, 4945100
40000, 62, 5877400
40000, 64, 7099300
40000, 66, 5600700
40000, 68, 4998300
40000, 70, 5498300
40000, 72, 7313800
40000, 74, 6270900
40000, 76, 5075900
40000, 78, 6351500
40000, 80, 7198500
40000, 82, 6960900
40000, 84, 5175100
40000, 86, 5860900
40000, 88, 6979600
40000, 90, 7671000
40000, 92, 5335800
40000, 94, 5324900
40000, 96, 6553400
40000, 98, 8268700
40000, 100, 6197000
40000, 102, 5508600
40000, 104, 6131000
40000, 106, 8446100
40000, 108, 7140800
40000, 110, 5587400
40000, 112, 7156000
40000, 114, 8264400
40000, 116, 7984200
40000, 118, 5701400
40000, 120, 6498400
40000, 122, 7888800
40000, 124, 8967900
40000, 126, 5831700
40000, 128, 5830000
40000, 130, 7339400
40000, 132, 9252700
40000, 134, 6801400
40000, 136, 5971900
40000, 138, 6727700
40000, 140, 9607300
40000, 142, 7661400
40000, 144, 6132900
40000, 146, 7902800
40000, 148, 9564200
40000, 150, 9045200
40000, 152, 6211000
40000, 154, 7507500
40000, 156, 8812900
40000, 158, 10068500
40000, 160, 6422500
40000, 162, 6550700
40000, 164, 8131800
40000, 166, 10613500
40000, 168, 7682100
40000, 170, 6446200
40000, 172, 7473700
40000, 174, 11597700
40000, 176, 9850600
40000, 178, 6593400
40000, 180, 9250200
40000, 182, 10210600
40000, 184, 9799800
40000, 186, 6692900
40000, 188, 8014300
40000, 190, 9665100
40000, 192, 10983000
40000, 194, 6818500
40000, 196, 7110500
40000, 198, 8938400
40000, 200, 11897100
40000, 202, 8244800
40000, 204, 7166500
40000, 206, 8371900
40000, 208, 11762000
40000, 210, 9520400
40000, 212, 7203200
40000, 214, 9836600
40000, 216, 11250800
40000, 218, 10670600
40000, 220, 7294900
40000, 222, 8663700
40000, 224, 10655300
40000, 226, 11738700
40000, 228, 7572000
40000, 230, 7749000
40000, 232, 9831000
40000, 234, 12780200
40000, 236, 8646200
40000, 238, 7613300
40000, 240, 9128300
40000, 242, 13076700
40000, 244, 10221500
40000, 246, 7723400
40000, 248, 10867600
40000, 250, 9125000
40000, 252, 11438800
40000, 254, 8072500
40000, 256, 9770800
40000, 258, 11795200
40000, 260, 12762800
40000, 262, 7934200
40000, 264, 8893500
40000, 266, 11060600
40000, 268, 13635800
40000, 270, 9315600
40000, 272, 8613200
40000, 274, 10112400
40000, 276, 14010700
40000, 278, 10735200
40000, 280, 8613200
40000, 282, 11997300
40000, 284, 14042300
40000, 286, 12191500
40000, 288, 8634500
40000, 290, 10977900
40000, 292, 13015600
40000, 294, 13484800
40000, 296, 8748900
40000, 298, 9833500
40000, 300, 12233600
60000, 2, 9465900
60000, 4, 8738400
60000, 6, 8887000
60000, 8, 8385700
60000, 10, 9170700
60000, 12, 9224800
60000, 14, 9589900
60000, 16, 8870500
60000, 18, 8187200
60000, 20, 8508800
60000, 22, 8333000
60000, 24, 9032200
60000, 26, 9570300
60000, 28, 9525300
60000, 30, 9129800
60000, 32, 8132500
60000, 34, 8613500
60000, 36, 8557000
60000, 38, 9348800
60000, 40, 10106400
60000, 42, 9988400
60000, 44, 9099000
60000, 46, 8212400
60000, 48, 8750000
60000, 50, 8902000
60000, 52, 10217300
60000, 54, 10742100
60000, 56, 10544800
60000, 58, 9560400
60000, 60, 8347500
60000, 62, 9291100
60000, 64, 9667600
60000, 66, 12742900
60000, 68, 11454300
60000, 70, 10945600
60000, 72, 9846900
60000, 74, 8425500
60000, 76, 9688100
60000, 78, 10336600
60000, 80, 11513100
60000, 82, 11850000
60000, 84, 11191000
60000, 86, 9995600
60000, 88, 10670400
60000, 90, 10063600
60000, 92, 11237700
60000, 94, 12519100
60000, 96, 9071700
60000, 98, 11723500
60000, 100, 10307600
60000, 102, 10979100
60000, 104, 10633500
60000, 106, 12039400
60000, 108, 13130200
60000, 110, 13064600
60000, 112, 11811900
60000, 114, 10241500
60000, 116, 11033600
60000, 118, 10976400
60000, 120, 12809900
60000, 122, 13955000
60000, 124, 13792900
60000, 126, 12148800
60000, 128, 11204800
60000, 130, 12391700
60000, 132, 14196700
60000, 134, 14656900
60000, 136, 13415500
60000, 138, 11643700
60000, 140, 12515400
60000, 142, 11697900
60000, 144, 13137100
60000, 146, 14835700
60000, 148, 14978000
60000, 150, 13663800
60000, 152, 11975700
60000, 154, 12877400
60000, 156, 12053300
60000, 158, 14380800
60000, 160, 16127600
60000, 162, 15776600
60000, 164, 13920400
60000, 166, 11927600
60000, 168, 12752400
60000, 170, 12795100
60000, 172, 15077500
60000, 174, 16818600
60000, 176, 15864400
60000, 178, 14064800
60000, 180, 11890800
60000, 182, 13076500
60000, 184, 13595100
60000, 186, 16705300
60000, 188, 17588700
60000, 190, 16703700
60000, 192, 14513900
60000, 194, 11900500
60000, 196, 13526300
60000, 198, 14556300
60000, 200, 17051400
60000, 202, 19670800
60000, 204, 16809300
60000, 206, 14389900
60000, 208, 15567900
60000, 210, 13955700
60000, 212, 15742100
60000, 214, 18228900
60000, 216, 19052100
60000, 218, 16912300
60000, 220, 14453200
60000, 222, 15407800
60000, 224, 14695100
60000, 226, 17519000
60000, 228, 19468400
60000, 230, 18400300
60000, 232, 16090600
60000, 234, 13798100
60000, 236, 16522200
60000, 238, 15459200
60000, 240, 18746300
60000, 242, 19922800
60000, 244, 18688900
60000, 246, 16261800
60000, 248, 13483500
60000, 250, 15398900
60000, 252, 16723800
60000, 254, 20031900
60000, 256, 20300700
60000, 258, 19218800
60000, 260, 16347500
60000, 262, 17426600
60000, 264, 16067700
60000, 266, 17593800
60000, 268, 20602000
60000, 270, 21353000
60000, 272, 18968200
60000, 274, 16756200
60000, 276, 17644100
60000, 278, 16539200
60000, 280, 18599000
60000, 282, 21188700
60000, 284, 22884800
60000, 286, 19208800
60000, 288, 16670000
60000, 290, 17656600
60000, 292, 16818600
60000, 294, 19746300
60000, 296, 22312800
60000, 298, 22224000
60000, 300, 19862700
80000, 2, 13663200
80000, 4, 13491500
80000, 6, 13311000
80000, 8, 12633600
80000, 10, 12854500
80000, 12, 12155700
80000, 14, 12842700
80000, 16, 11969300
80000, 18, 13153800
80000, 20, 11797600
80000, 22, 12854600
80000, 24, 11624000
80000, 26, 13032200
80000, 28, 11853600
80000, 30, 13901000
80000, 32, 11616300
80000, 34, 13722500
80000, 36, 11131100
80000, 38, 13493700
80000, 40, 13781300
80000, 42, 11825200
80000, 44, 14195200
80000, 46, 11718000
80000, 48, 14204200
80000, 50, 11324600
80000, 52, 14526500
80000, 54, 14588500
80000, 56, 14685000
80000, 58, 14900700
80000, 60, 14783900
80000, 62, 15316000
80000, 64, 14428600
80000, 66, 15232000
80000, 68, 14052300
80000, 70, 15471100
80000, 72, 13597500
80000, 74, 15755000
80000, 76, 13198500
80000, 78, 16305400
80000, 80, 13043500
80000, 82, 16419200
80000, 84, 12814200
80000, 86, 16930300
80000, 88, 12364800
80000, 90, 16844000
80000, 92, 16857400
80000, 94, 16457800
80000, 96, 17212900
80000, 98, 16220100
80000, 100, 17177300
80000, 102, 16118200
80000, 104, 17773600
80000, 106, 15877700
80000, 108, 18417400
80000, 110, 15248200
80000, 112, 18390100
80000, 114, 14966100
80000, 116, 18811600
80000, 118, 14168200
80000, 120, 18725000
80000, 122, 13514300
80000, 124, 18844300
80000, 126, 19341000
80000, 128, 20394500
80000, 130, 19271000
80000, 132, 18366500
80000, 134, 19667100
80000, 136, 14039900
80000, 138, 20066000
80000, 140, 17513800
80000, 142, 19999700
80000, 144, 16986700
80000, 146, 20513200
80000, 148, 16623000
80000, 150, 20934100
80000, 152, 15886800
80000, 154, 21225500
80000, 156, 15253000
80000, 158, 21915600
80000, 160, 21507900
80000, 162, 21147100
80000, 164, 21334700
80000, 166, 20866100
80000, 168, 22007300
80000, 170, 20607300
80000, 172, 22382700
80000, 174, 19519300
80000, 176, 22304200
80000, 178, 19441700
80000, 180, 22857600
80000, 182, 18164500
80000, 184, 23166100
80000, 186, 17764500
80000, 188, 24478700
80000, 190, 17187100
80000, 192, 24153500
80000, 194, 16183000
80000, 196, 23351000
80000, 198, 23553200
80000, 200, 22955300
80000, 202, 23995400
80000, 204, 22815100
80000, 206, 24491700
80000, 208, 22361400
80000, 210, 25274500
80000, 212, 21109900
80000, 214, 25134400
80000, 216, 20144900
80000, 218, 25653200
80000, 220, 19278100
80000, 222, 25662000
80000, 224, 19254800
80000, 226, 26098600
80000, 228, 18280100
80000, 230, 25946000
80000, 232, 26432500
80000, 234, 20738400
80000, 236, 26863000
80000, 238, 19763200
80000, 240, 27520200
80000, 242, 19188800
80000, 244, 27549900
80000, 246, 27233000
80000, 248, 26851600
80000, 250, 26758400
80000, 252, 25857700
80000, 254, 27127500
80000, 256, 25583800
80000, 258, 27665300
80000, 260, 24510900
80000, 262, 27857900
80000, 264, 23592000
80000, 266, 28358500
80000, 268, 22426600
80000, 270, 28855800
80000, 272, 21710200
80000, 274, 29361700
80000, 276, 21028300
80000, 278, 29568100
80000, 280, 19645900
80000, 282, 28670300
80000, 284, 29608500
80000, 286, 27827400
80000, 288, 29401800
80000, 290, 28554500
80000, 292, 30829500
80000, 294, 26536200
80000, 296, 29852700
80000, 298, 25637600
80000, 300, 30082000
120000, 2, 17623400
120000, 4, 20440700
120000, 6, 19576800
120000, 8, 17880200
120000, 10, 19702800
120000, 12, 19483600
120000, 14, 18290400
120000, 16, 16392200
120000, 18, 17064200
120000, 20, 18940400
120000, 22, 17745800
120000, 24, 19938100
120000, 26, 19811200
120000, 28, 18622900
120000, 30, 20053300
120000, 32, 20045000
120000, 34, 19301000
120000, 36, 17246900
120000, 38, 20338200
120000, 40, 20110400
120000, 42, 18335700
120000, 44, 20897600
120000, 46, 21357100
120000, 48, 19728000
120000, 50, 17737500
120000, 52, 21507700
120000, 54, 21526300
120000, 56, 18675500
120000, 58, 21887500
120000, 60, 21932200
120000, 62, 19945900
120000, 64, 22256200
120000, 66, 23267600
120000, 68, 22073600
120000, 70, 19415400
120000, 72, 22943600
120000, 74, 22763400
120000, 76, 22253400
120000, 78, 23297600
120000, 80, 23612200
120000, 82, 18730600
120000, 84, 19459000
120000, 86, 25228400
120000, 88, 23912500
120000, 90, 20685400
120000, 92, 24656900
120000, 94, 24651600
120000, 96, 22461400
120000, 98, 19645100
120000, 100, 25500200
120000, 102, 24956300
120000, 104, 22510300
120000, 106, 27268500
120000, 108, 27243900
120000, 110, 23014900
120000, 112, 26017300
120000, 114, 26971600
120000, 116, 24845200
120000, 118, 21431800
120000, 120, 27044000
120000, 122, 26969800
120000, 124, 23100100
120000, 126, 27451200
120000, 128, 27559100
120000, 130, 25597200
120000, 132, 21723600
120000, 134, 28381500
120000, 136, 27509400
120000, 138, 23578200
120000, 140, 28495100
120000, 142, 28794400
120000, 144, 25702100
120000, 146, 29730900
120000, 148, 27487800
120000, 150, 29804200
120000, 152, 30013500
120000, 154, 27494400
120000, 156, 23727900
120000, 158, 30100000
120000, 160, 30167500
120000, 162, 26327000
120000, 164, 31185300
120000, 166, 31299800
120000, 168, 27929100
120000, 170, 23605800
120000, 172, 31628500
120000, 174, 31360800
120000, 176, 27291200
120000, 178, 32471000
120000, 180, 33070100
120000, 182, 28506300
120000, 184, 32762300
120000, 186, 32891900
120000, 188, 31400100
120000, 190, 26720100
120000, 192, 33648700
120000, 194, 33506000
120000, 196, 29059700
120000, 198, 33802100
120000, 200, 33543700
120000, 202, 31569300
120000, 204, 26629200
120000, 206, 34566500
120000, 208, 34080400
120000, 210, 25535100
120000, 212, 35169900
120000, 214, 35458900
120000, 216, 32321200
120000, 218, 26824400
120000, 220, 35991600
120000, 222, 34042500
120000, 224, 29447300
120000, 226, 36075200
120000, 228, 36822100
120000, 230, 32195400
120000, 232, 37244800
120000, 234, 36989900
120000, 236, 34124800
120000, 238, 28987200
120000, 240, 37511500
120000, 242, 37754900
120000, 244, 32076600
120000, 246, 38424600
120000, 248, 37769600
120000, 250, 34079100
120000, 252, 29223500
120000, 254, 38735400
120000, 256, 37687800
120000, 258, 31864600
120000, 260, 39240900
120000, 262, 39906100
120000, 264, 35080800
120000, 266, 39984600
120000, 268, 40311500
120000, 270, 37630900
120000, 272, 31924200
120000, 274, 40054700
120000, 276, 35472000
120000, 278, 40978000
120000, 280, 41559900
120000, 282, 38317500
120000, 284, 31923000
120000, 286, 41075300
120000, 288, 40348900
120000, 290, 35225900
120000, 292, 41932300
120000, 294, 42188400
120000, 296, 38522300
120000, 298, 32022300
120000, 300, 43528700
160000, 2, 28606500
160000, 4, 28530900
160000, 6, 27407000
160000, 8, 27739400
160000, 10, 27690900
160000, 12, 27749100
160000, 14, 27594600
160000, 16, 27211100
160000, 18, 27160300
160000, 20, 28587900
160000, 22, 28280100
160000, 24, 28731600
160000, 26, 28823700
160000, 28, 28905500
160000, 30, 29614300
160000, 32, 29829700
160000, 34, 30504400
160000, 36, 30453600
160000, 38, 31093500
160000, 40, 31287300
160000, 42, 31402600
160000, 44, 32685600
160000, 46, 33241900
160000, 48, 33376700
160000, 50, 33293000
160000, 52, 33729500
160000, 54, 34805500
160000, 56, 34885600
160000, 58, 36101400
160000, 60, 35437600
160000, 62, 36230000
160000, 64, 36587800
160000, 66, 37133100
160000, 68, 37500100
160000, 70, 38036600
160000, 72, 38600200
160000, 74, 38752700
160000, 76, 39787500
160000, 78, 40298000
160000, 80, 40910400
160000, 82, 41006100
160000, 84, 41063600
160000, 86, 42164100
160000, 88, 42628400
160000, 90, 42506300
160000, 92, 43561200
160000, 94, 43591400
160000, 96, 43582400
160000, 98, 44254000
160000, 100, 44984800
160000, 102, 47437600
160000, 104, 47051300
160000, 106, 46681100
160000, 108, 46854000
160000, 110, 47045400
160000, 112, 47659800
160000, 114, 48344500
160000, 116, 49632600
160000, 118, 49492200
160000, 120, 49072400
160000, 122, 50325900
160000, 124, 51075500
160000, 126, 51964200
160000, 128, 51777400
160000, 130, 51762700
160000, 132, 52903500
160000, 134, 52912300
160000, 136, 54736400
160000, 138, 53852100
160000, 140, 56311800
160000, 142, 55440300
160000, 144, 55767400
160000, 146, 56104000
160000, 148, 57011400
160000, 150, 57649100
160000, 152, 57868100
160000, 154, 57656000
160000, 156, 59693200
160000, 158, 59833400
160000, 160, 59105400
160000, 162, 60241500
160000, 164, 61421800
160000, 166, 61799700
160000, 168, 61398100
160000, 170, 62293300
160000, 172, 62921900
160000, 174, 63251000
160000, 176, 63425100
160000, 178, 65070200
160000, 180, 64543900
160000, 182, 64449500
160000, 184, 65953100
160000, 186, 65825000
160000, 188, 66441300
160000, 190, 67433800
160000, 192, 67639500
160000, 194, 68449400
160000, 196, 69064100
160000, 198, 69940000
160000, 200, 69654400
160000, 202, 69887400
160000, 204, 71223300
160000, 206, 71474900
160000, 208, 71900600
160000, 210, 76645000
160000, 212, 72605700
160000, 214, 73059600
160000, 216, 72498000
160000, 218, 74042900
160000, 220, 75572400
160000, 222, 75743100
160000, 224, 75178100
160000, 226, 76406400
160000, 228, 75959700
160000, 230, 76547000
160000, 232, 77399800
160000, 234, 77816500
160000, 236, 78726000
160000, 238, 79325400
160000, 240, 80123400
160000, 242, 81386600
160000, 244, 81485600
160000, 246, 80359200
160000, 248, 81555600
160000, 250, 82091400
160000, 252, 83012900
160000, 254, 81904600
160000, 256, 82846400
160000, 258, 83574400
160000, 260, 84640400
160000, 262, 85754600
160000, 264, 85582200
160000, 266, 86256100
160000, 268, 85884200
160000, 270, 86648700
160000, 272, 86463400
160000, 274, 87752200
160000, 276, 90870600
160000, 278, 88715400
160000, 280, 90245600
160000, 282, 89081800
160000, 284, 90733400
160000, 286, 90410400
160000, 288, 91339900
160000, 290, 91764800
160000, 292, 92743800
160000, 294, 93032400
160000, 296, 95263200
160000, 298, 94605600
160000, 300, 95525700
240000, 2, 43955000
240000, 4, 43650200
240000, 6, 43534900
240000, 8, 43249800
240000, 10, 42380400
240000, 12, 42396500
240000, 14, 42295900
240000, 16, 43451600
240000, 18, 43702100
240000, 20, 43803400
240000, 22, 43744400
240000, 24, 43790600
240000, 26, 45464600
240000, 28, 45837100
240000, 30, 46501800
240000, 32, 46413000
240000, 34, 46988000
240000, 36, 47586100
240000, 38, 48564700
240000, 40, 49448600
240000, 42, 50024800
240000, 44, 50917300
240000, 46, 51137400
240000, 48, 51618600
240000, 50, 52627800
240000, 52, 53139400
240000, 54, 54113900
240000, 56, 54323100
240000, 58, 54711100
240000, 60, 55215900
240000, 62, 57005600
240000, 64, 57659900
240000, 66, 57383900
240000, 68, 58051900
240000, 70, 59447700
240000, 72, 60676800
240000, 74, 60377300
240000, 76, 60908400
240000, 78, 63140700
240000, 80, 63488100
240000, 82, 62503100
240000, 84, 64329400
240000, 86, 64909200
240000, 88, 65067700
240000, 90, 66127900
240000, 92, 66576200
240000, 94, 67542700
240000, 96, 68783200
240000, 98, 69366700
240000, 100, 71107700
240000, 102, 70834100
240000, 104, 70682900
240000, 106, 70906900
240000, 108, 72681200
240000, 110, 72336500
240000, 112, 75350600
240000, 114, 73624100
240000, 116, 74799600
240000, 118, 77078400
240000, 120, 77003000
240000, 122, 77959700
240000, 124, 79073300
240000, 126, 78531900
240000, 128, 78840500
240000, 130, 81358700
240000, 132, 81821400
240000, 134, 81480000
240000, 136, 83793100
240000, 138, 83381900
240000, 140, 84181600
240000, 142, 85540900
240000, 144, 85944500
240000, 146, 86625100
240000, 148, 88530800
240000, 150, 87518400
240000, 152, 88407600
240000, 154, 89716500
240000, 156, 89610600
240000, 158, 90693900
240000, 160, 93064500
240000, 162, 93187900
240000, 164, 93244200
240000, 166, 94942300
240000, 168, 94200000
240000, 170, 94832900
240000, 172, 97542900
240000, 174, 96444400
240000, 176, 97805800
240000, 178, 98880200
240000, 180, 99388900
240000, 182, 99985100
240000, 184, 101209700
240000, 186, 101052900
240000, 188, 101688900
240000, 190, 102496500
240000, 192, 103212200
240000, 194, 104267300
240000, 196, 106603000
240000, 198, 105779600
240000, 200, 107217500
240000, 202, 107126300
240000, 204, 108513500
240000, 206, 108483700
240000, 208, 109379400
240000, 210, 109802700
240000, 212, 111910700
240000, 214, 112756600
240000, 216, 112140900
240000, 218, 113695600
240000, 220, 112465200
240000, 222, 114338400
240000, 224, 115717100
240000, 226, 116071000
240000, 228, 116065300
240000, 230, 118392600
240000, 232, 119734000
240000, 234, 119502700
240000, 236, 119284600
240000, 238, 120716600
240000, 240, 120791700
240000, 242, 121515600
240000, 244, 123683600
240000, 246, 124710000
240000, 248, 124468300
240000, 250, 125752300
240000, 252, 125630600
240000, 254, 127127900
240000, 256, 129103500
240000, 258, 130350600
240000, 260, 129634400
240000, 262, 130583900
240000, 264, 130207700
240000, 266, 130854900
240000, 268, 132722400
240000, 270, 133845400
240000, 272, 135185800
240000, 274, 136070700
240000, 276, 135589200
240000, 278, 136779000
240000, 280, 137005000
240000, 282, 138212900
240000, 284, 138473000
240000, 286, 141362200
240000, 288, 139245500
240000, 290, 141422300
240000, 292, 140284400
240000, 294, 143200600
240000, 296, 144147500
240000, 298, 144530500
240000, 300, 145612900
320000, 2, 61461000
320000, 4, 59939700
320000, 6, 58994300
320000, 8, 59279800
320000, 10, 59297400
320000, 12, 59674900
320000, 14, 59083200
320000, 16, 60436200
320000, 18, 60495400
320000, 20, 61365900
320000, 22, 61703400
320000, 24, 64192000
320000, 26, 63696100
320000, 28, 63194200
320000, 30, 65770300
320000, 32, 65720200
320000, 34, 66247300
320000, 36, 66901900
320000, 38, 69033900
320000, 40, 69108800
320000, 42, 72463200
320000, 44, 70843400
320000, 46, 71767900
320000, 48, 75070900
320000, 50, 73960900
320000, 52, 73469700
320000, 54, 77804900
320000, 56, 74994600
320000, 58, 76192700
320000, 60, 77630900
320000, 62, 78228000
320000, 64, 78410400
320000, 66, 79804700
320000, 68, 81052700
320000, 70, 81760900
320000, 72, 83358600
320000, 74, 85152400
320000, 76, 84324900
320000, 78, 85677500
320000, 80, 88273200
320000, 82, 87241500
320000, 84, 87415600
320000, 86, 90589500
320000, 88, 90091300
320000, 90, 91546900
320000, 92, 93054700
320000, 94, 94373900
320000, 96, 93951400
320000, 98, 96471500
320000, 100, 97126000
320000, 102, 97271300
320000, 104, 96684100
320000, 106, 98790600
320000, 108, 99453200
320000, 110, 100294000
320000, 112, 101497500
320000, 114, 101140800
320000, 116, 103175700
320000, 118, 105777300
320000, 120, 105009000
320000, 122, 107134200
320000, 124, 106854600
320000, 126, 108927600
320000, 128, 110064300
320000, 130, 111281900
320000, 132, 111098700
320000, 134, 114421800
320000, 136, 114167500
320000, 138, 115681800
320000, 140, 116843000
320000, 142, 118503000
320000, 144, 119694900
320000, 146, 120256600
320000, 148, 119690700
320000, 150, 121805200
320000, 152, 121516000
320000, 154, 123808600
320000, 156, 123034600
320000, 158, 126291400
320000, 160, 126324000
320000, 162, 126443400
320000, 164, 129039900
320000, 166, 128549900
320000, 168, 130304400
320000, 170, 131802700
320000, 172, 133495700
320000, 174, 131867100
320000, 176, 134211200
320000, 178, 135480700
320000, 180, 136478700
320000, 182, 136524400
320000, 184, 140225900
320000, 186, 138094400
320000, 188, 140063100
320000, 190, 138259000
320000, 192, 141749000
320000, 194, 141414100
320000, 196, 144949800
320000, 198, 143926300
320000, 200, 146783000
320000, 202, 145527000
320000, 204, 148618100
320000, 206, 148548800
320000, 208, 149545500
320000, 210, 152004200
320000, 212, 153898700
320000, 214, 152551400
320000, 216, 154219200
320000, 218, 153868800
320000, 220, 156861200
320000, 222, 156485200
320000, 224, 157526700
320000, 226, 159548300
320000, 228, 160788200
320000, 230, 160571600
320000, 232, 163868900
320000, 234, 164090400
320000, 236, 164847700
320000, 238, 164588400
320000, 240, 165805600
320000, 242, 167357100
320000, 244, 171144700
320000, 246, 168902600
320000, 248, 172391600
320000, 250, 170609800
320000, 252, 173411800
320000, 254, 169981500
320000, 256, 174880900
320000, 258, 172745000
320000, 260, 175270500
320000, 262, 174781900
320000, 264, 178878300
320000, 266, 177550700
320000, 268, 177708500
320000, 270, 179110500
320000, 272, 181764100
320000, 274, 183744700
320000, 276, 184700900
320000, 278, 186518400
320000, 280, 184334500
320000, 282, 188644200
320000, 284, 189073700
320000, 286, 189885000
320000, 288, 191136800
320000, 290, 192841100
320000, 292, 192409500
320000, 294, 191813200
320000, 296, 192193300
320000, 298, 197396300
320000, 300, 194794500
480000, 2, 103329700
480000, 4, 102176300
480000, 6, 99971000
480000, 8, 99786000
480000, 10, 98809600
480000, 12, 99320200
480000, 14, 98441300
480000, 16, 98550800
480000, 18, 99809600
480000, 20, 99680600
480000, 22, 101352300
480000, 24, 102493000
480000, 26, 103087400
480000, 28, 103495100
480000, 30, 105572500
480000, 32, 106671100
480000, 34, 107197100
480000, 36, 108136800
480000, 38, 110375900
480000, 40, 110710100
480000, 42, 112315600
480000, 44, 114098100
480000, 46, 116797900
480000, 48, 116138700
480000, 50, 120338300
480000, 52, 120535300
480000, 54, 122037000
480000, 56, 123010400
480000, 58, 123709800
480000, 60, 126477400
480000, 62, 127116500
480000, 64, 127115300
480000, 66, 130288000
480000, 68, 129199300
480000, 70, 132470000
480000, 72, 134471300
480000, 74, 136165200
480000, 76, 135730400
480000, 78, 138473000
480000, 80, 140334300
480000, 82, 141311300
480000, 84, 143901400
480000, 86, 144204100
480000, 88, 146634900
480000, 90, 146342600
480000, 92, 150515900
480000, 94, 147754100
480000, 96, 149733100
480000, 98, 150870900
480000, 100, 153628400
480000, 102, 152884000
480000, 104, 155946500
480000, 106, 156121500
480000, 108, 158793100
480000, 110, 159166300
480000, 112, 160681900
480000, 114, 163943100
480000, 116, 166853800
480000, 118, 167553500
480000, 120, 169383800
480000, 122, 171345400
480000, 124, 171894300
480000, 126, 173416700
480000, 128, 174657400
480000, 130, 175929000
480000, 132, 178511100
480000, 134, 180158200
480000, 136, 181063800
480000, 138, 181820400
480000, 140, 184324000
480000, 142, 185332500
480000, 144, 186910000
480000, 146, 188244700
480000, 148, 190574600
480000, 150, 190999600
480000, 152, 192303400
480000, 154, 192067600
480000, 156, 195482000
480000, 158, 195132800
480000, 160, 197476400
480000, 162, 197411100
480000, 164, 198315100
480000, 166, 201119000
480000, 168, 204246200
480000, 170, 205719000
480000, 172, 207098700
480000, 174, 209211300
480000, 176, 210510100
480000, 178, 211727500
480000, 180, 213198000
480000, 182, 215527900
480000, 184, 218550600
480000, 186, 217257000
480000, 188, 221173900
480000, 190, 221282800
480000, 192, 221987400
480000, 194, 224888600
480000, 196, 228854400
480000, 198, 227567900
480000, 200, 229252500
480000, 202, 228324200
480000, 204, 235013900
480000, 206, 230785700
480000, 208, 232292900
480000, 210, 231906400
480000, 212, 238589700
480000, 214, 239366000
480000, 216, 241495700
480000, 218, 242502600
480000, 220, 243831100
480000, 222, 243464500
480000, 224, 248582700
480000, 226, 247841300
480000, 228, 250405200
480000, 230, 252384500
480000, 232, 254253600
480000, 234, 252329700
480000, 236, 257580800
480000, 238, 256845000
480000, 240, 262980400
480000, 242, 260367300
480000, 244, 259820900
480000, 246, 262006000
480000, 248, 267804700
480000, 250, 265582000
480000, 252, 268208900
480000, 254, 270130900
480000, 256, 270716400
480000, 258, 273060100
480000, 260, 274304800
480000, 262, 275489900
480000, 264, 278344900
480000, 266, 279673700
480000, 268, 280945700
480000, 270, 283585200
480000, 272, 282912400
480000, 274, 285393400
480000, 276, 286822000
480000, 278, 287124900
480000, 280, 290561300
480000, 282, 289319200
480000, 284, 289819400
480000, 286, 293309900
480000, 288, 295242100
480000, 290, 299456000
480000, 292, 300480900
480000, 294, 301666900
480000, 296, 302072800
480000, 298, 303905600
480000, 300, 307740800
640000, 2, 144953200
640000, 4, 143987200
640000, 6, 141850700
640000, 8, 141208500
640000, 10, 139028700
640000, 12, 140237000
640000, 14, 139979400
640000, 16, 140047000
640000, 18, 142333000
640000, 20, 142105400
640000, 22, 143730500
640000, 24, 146637800
640000, 26, 144850700
640000, 28, 147059200
640000, 30, 149483600
640000, 32, 149963100
640000, 34, 149919000
640000, 36, 154387900
640000, 38, 153930900
640000, 40, 157205000
640000, 42, 157920900
640000, 44, 160385400
640000, 46, 163103800
640000, 48, 164163900
640000, 50, 165920800
640000, 52, 168597800
640000, 54, 169468900
640000, 56, 172736200
640000, 58, 172707000
640000, 60, 175403300
640000, 62, 177878800
640000, 64, 177751200
640000, 66, 180467400
640000, 68, 181969000
640000, 70, 184241200
640000, 72, 186434900
640000, 74, 189093700
640000, 76, 192778000
640000, 78, 191600900
640000, 80, 195067700
640000, 82, 196183000
640000, 84, 199563500
640000, 86, 201009600
640000, 88, 201166400
640000, 90, 204804400
640000, 92, 204653500
640000, 94, 207542700
640000, 96, 210207000
640000, 98, 212659000
640000, 100, 213968900
640000, 102, 216559700
640000, 104, 217714300
640000, 106, 220852900
640000, 108, 223614800
640000, 110, 225564500
640000, 112, 224643500
640000, 114, 227703800
640000, 116, 229806400
640000, 118, 232430900
640000, 120, 234664600
640000, 122, 235142900
640000, 124, 239926000
640000, 126, 239396300
640000, 128, 243179500
640000, 130, 244528800
640000, 132, 247129700
640000, 134, 246949700
640000, 136, 249701000
640000, 138, 250848500
640000, 140, 252151400
640000, 142, 255856700
640000, 144, 258133500
640000, 146, 258794400
640000, 148, 261087500
640000, 150, 263910300
640000, 152, 266319000
640000, 154, 267972800
640000, 156, 271635900
640000, 158, 273315800
640000, 160, 274584700
640000, 162, 277264600
640000, 164, 279373000
640000, 166, 282112000
640000, 168, 281112400
640000, 170, 282690700
640000, 172, 285007200
640000, 174, 287037000
640000, 176, 289720000
640000, 178, 292734600
640000, 180, 292888500
640000, 182, 297097100
640000, 184, 295817000
640000, 186, 303264500
640000, 188, 302543100
640000, 190, 304716300
640000, 192, 307362700
640000, 194, 307008000
640000, 196, 311567600
640000, 198, 313094600
640000, 200, 316985600
640000, 202, 316028700
640000, 204, 318199400
640000, 206, 317763200
640000, 208, 320836900
640000, 210, 325958400
640000, 212, 328105900
640000, 214, 328444300
640000, 216, 331168400
640000, 218, 336126300
640000, 220, 337498200
640000, 222, 337443700
640000, 224, 340395500
640000, 226, 343754600
640000, 228, 342418600
640000, 230, 346009900
640000, 232, 346652800
640000, 234, 348112300
640000, 236, 350347700
640000, 238, 350394000
640000, 240, 353485000
640000, 242, 359581500
640000, 244, 359019900
640000, 246, 362538600
640000, 248, 366228100
640000, 250, 365924000
640000, 252, 368713200
640000, 254, 372129100
640000, 256, 372631500
640000, 258, 376430100
640000, 260, 374477900
640000, 262, 373267800
640000, 264, 377549900
640000, 266, 377904200
640000, 268, 382467500
640000, 270, 387384300
640000, 272, 388138900
640000, 274, 388329700
640000, 276, 393133000
640000, 278, 397721500
640000, 280, 397292400
640000, 282, 399835500
640000, 284, 400185600
640000, 286, 400329600
640000, 288, 402742400
640000, 290, 402761000
640000, 292, 405671800
640000, 294, 405756300
640000, 296, 410404900
640000, 298, 411250700
640000, 300, 416298700
960000, 2, 237188800
960000, 4, 232577700
960000, 6, 233244800
960000, 8, 232196300
960000, 10, 231029800
960000, 12, 231893800
960000, 14, 233370200
960000, 16, 231952400
960000, 18, 233337000
960000, 20, 233365400
960000, 22, 234895300
960000, 24, 235985400
960000, 26, 239374500
960000, 28, 240891800
960000, 30, 242546800
960000, 32, 247474100
960000, 34, 255270000
960000, 36, 252557000
960000, 38, 253063200
960000, 40, 256753000
960000, 42, 257196500
960000, 44, 256869500
960000, 46, 264264900
960000, 48, 265846300
960000, 50, 266529200
960000, 52, 272279600
960000, 54, 275291200
960000, 56, 276712600
960000, 58, 276751400
960000, 60, 282050900
960000, 62, 284144400
960000, 64, 285457400
960000, 66, 288119000
960000, 68, 293982100
960000, 70, 298850000
960000, 72, 298404000
960000, 74, 301878600
960000, 76, 304953000
960000, 78, 306794800
960000, 80, 309812000
960000, 82, 314025300
960000, 84, 315433600
960000, 86, 319008500
960000, 88, 321436700
960000, 90, 324025200
960000, 92, 328595200
960000, 94, 330321800
960000, 96, 332242500
960000, 98, 335186900
960000, 100, 339542100
960000, 102, 342692000
960000, 104, 345321700
960000, 106, 350272900
960000, 108, 352391100
960000, 110, 355055000
960000, 112, 358633400
960000, 114, 359992800
960000, 116, 365311000
960000, 118, 366881600
960000, 120, 368309600
960000, 122, 370278200
960000, 124, 377158100
960000, 126, 377810700
960000, 128, 383249900
960000, 130, 383289500
960000, 132, 388231900
960000, 134, 389510300
960000, 136, 395135400
960000, 138, 396734100
960000, 140, 400531600
960000, 142, 402928200
960000, 144, 407362700
960000, 146, 410712900
960000, 148, 409708400
960000, 150, 414852400
960000, 152, 420032700
960000, 154, 420871800
960000, 156, 424226300
960000, 158, 426620400
960000, 160, 433259300
960000, 162, 436564700
960000, 164, 438525000
960000, 166, 439027000
960000, 168, 444245900
960000, 170, 444556300
960000, 172, 446903400
960000, 174, 450340800
960000, 176, 452844300
960000, 178, 459524900
960000, 180, 459958500
960000, 182, 463743300
960000, 184, 468479700
960000, 186, 471964100
960000, 188, 475287900
960000, 190, 476057300
960000, 192, 476998800
960000, 194, 480566300
960000, 196, 480324500
960000, 198, 489293600
960000, 200, 493389400
960000, 202, 495559200
960000, 204, 498107400
960000, 206, 499738100
960000, 208, 503344000
960000, 210, 504661700
960000, 212, 504262400
960000, 214, 509739800
960000, 216, 512409200
960000, 218, 521131200
960000, 220, 521813800
960000, 222, 530148100
960000, 224, 528709600
960000, 226, 528250100
960000, 228, 534442800
960000, 230, 535745700
960000, 232, 535502700
960000, 234, 542741200
960000, 236, 542052100
960000, 238, 548978100
960000, 240, 551614900
960000, 242, 555725100
960000, 244, 564008300
960000, 246, 565169600
960000, 248, 566085900
960000, 250, 564152800
960000, 252, 566338300
960000, 254, 568695800
960000, 256, 580895700
960000, 258, 577891900
960000, 260, 587220700
960000, 262, 590088800
960000, 264, 591251600
960000, 266, 592301800
960000, 268, 593780200
960000, 270, 597045100
960000, 272, 603562600
960000, 274, 610857200
960000, 276, 609378000
960000, 278, 615054900
960000, 280, 612534100
960000, 282, 621318800
960000, 284, 618046200
960000, 286, 622307500
960000, 288, 624732400
960000, 290, 630459800
960000, 292, 633005700
960000, 294, 632824300
960000, 296, 635995400
960000, 298, 642179900
960000, 300, 645573000
1280000, 2, 337018900
1280000, 4, 331009900
1280000, 6, 326412200
1280000, 8, 325320800
1280000, 10, 324414500
1280000, 12, 322366200
1280000, 14, 325435400
1280000, 16, 324082000
1280000, 18, 327408500
1280000, 20, 329198000
1280000, 22, 332158000
1280000, 24, 338545500
1280000, 26, 336958900
1280000, 28, 339350600
1280000, 30, 345745900
1280000, 32, 348790600
1280000, 34, 346198200
1280000, 36, 349584200
1280000, 38, 355091000
1280000, 40, 360731100
1280000, 42, 362181400
1280000, 44, 363920300
1280000, 46, 370986700
1280000, 48, 373308000
1280000, 50, 376985800
1280000, 52, 378484400
1280000, 54, 384321400
1280000, 56, 386780600
1280000, 58, 388649500
1280000, 60, 392160700
1280000, 62, 395643600
1280000, 64, 401920800
1280000, 66, 408502400
1280000, 68, 409521400
1280000, 70, 412796200
1280000, 72, 418428900
1280000, 74, 421724900
1280000, 76, 425223700
1280000, 78, 424926500
1280000, 80, 432603700
1280000, 82, 434319900
1280000, 84, 438946000
1280000, 86, 441731400
1280000, 88, 447216700
1280000, 90, 452430600
1280000, 92, 457351300
1280000, 94, 459368200
1280000, 96, 464166900
1280000, 98, 469033500
1280000, 100, 472029800
1280000, 102, 473728500
1280000, 104, 474853400
1280000, 106, 485350600
1280000, 108, 489863000
1280000, 110, 492899400
1280000, 112, 497625200
1280000, 114, 501144700
1280000, 116, 504634300
1280000, 118, 507910200
1280000, 120, 512611000
1280000, 122, 512639900
1280000, 124, 517575500
1280000, 126, 520439800
1280000, 128, 527856400
1280000, 130, 532099400
1280000, 132, 537911400
1280000, 134, 542263300
1280000, 136, 543149900
1280000, 138, 577843200
1280000, 140, 555531900
1280000, 142, 590217100
1280000, 144, 557554200
1280000, 146, 560496600
1280000, 148, 568651600
1280000, 150, 573037200
1280000, 152, 578746300
1280000, 154, 582389800
1280000, 156, 606865200
1280000, 158, 586569000
1280000, 160, 591891400
1280000, 162, 596442700
1280000, 164, 599650600
1280000, 166, 608718000
1280000, 168, 607977300
1280000, 170, 613271700
1280000, 172, 622495500
1280000, 174, 621805400
1280000, 176, 624661500
1280000, 178, 628730000
1280000, 180, 637853900
1280000, 182, 639559400
1280000, 184, 643743700
1280000, 186, 648095300
1280000, 188, 649378200
1280000, 190, 653915200
1280000, 192, 657059300
1280000, 194, 683081300
1280000, 196, 665398800
1280000, 198, 672402700
1280000, 200, 674708100
1280000, 202, 675650600
1280000, 204, 685890400
1280000, 206, 688183200
1280000, 208, 686752100
1280000, 210, 688133200
1280000, 212, 696655500
1280000, 214, 705342000
1280000, 216, 713753700
1280000, 218, 709623000
1280000, 220, 714990300
1280000, 222, 713771100
1280000, 224, 717639100
1280000, 226, 727470200
1280000, 228, 734716900
1280000, 230, 733353500
1280000, 232, 737597700
1280000, 234, 742114500
1280000, 236, 743703000
1280000, 238, 749661700
1280000, 240, 753420600
1280000, 242, 762984600
1280000, 244, 762938000
1280000, 246, 768050800
1280000, 248, 770172000
1280000, 250, 768035900
1280000, 252, 771369200
1280000, 254, 788556500
1280000, 256, 790476600
1280000, 258, 815366500
1280000, 260, 797464500
1280000, 262, 794659400
1280000, 264, 802086000
1280000, 266, 807285300
1280000, 268, 812188000
1280000, 270, 817641800
1280000, 272, 824209800
1280000, 274, 827362800
1280000, 276, 825990600
1280000, 278, 829226200
1280000, 280, 842292200
1280000, 282, 840746400
1280000, 284, 847911300
1280000, 286, 849697000
1280000, 288, 848271500
1280000, 290, 851517800
1280000, 292, 859782300
1280000, 294, 868731200
1280000, 296, 874739300
1280000, 298, 872568600
1280000, 300, 871824800
1920000, 2, 538987700
1920000, 4, 535554900
1920000, 6, 531162100
1920000, 8, 528112400
1920000, 10, 524136200
1920000, 12, 530158800
1920000, 14, 529199200
1920000, 16, 526632400
1920000, 18, 526806800
1920000, 20, 532292100
1920000, 22, 539812500
1920000, 24, 542242600
1920000, 26, 546329400
1920000, 28, 551605900
1920000, 30, 548094200
1920000, 32, 560809600
1920000, 34, 561344100
1920000, 36, 564202900
1920000, 38, 573266500
1920000, 40, 580086000
1920000, 42, 587737300
1920000, 44, 588839300
1920000, 46, 594674300
1920000, 48, 603753100
1920000, 50, 603626400
1920000, 52, 608189200
1920000, 54, 612928400
1920000, 56, 618254100
1920000, 58, 626636700
1920000, 60, 630400400
1920000, 62, 641114000
1920000, 64, 642985300
1920000, 66, 644666000
1920000, 68, 647715000
1920000, 70, 655367200
1920000, 72, 663072500
1920000, 74, 671558900
1920000, 76, 675830200
1920000, 78, 678272200
1920000, 80, 688368100
1920000, 82, 691252000
1920000, 84, 700248900
1920000, 86, 703318700
1920000, 88, 712154700
1920000, 90, 720295300
1920000, 92, 721450800
1920000, 94, 729906100
1920000, 96, 733082600
1920000, 98, 737556000
1920000, 100, 749235400
1920000, 102, 754433300
1920000, 104, 757488400
1920000, 106, 765503400
1920000, 108, 770977500
1920000, 110, 773219700
1920000, 112, 785853100
1920000, 114, 790937900
1920000, 116, 794127800
1920000, 118, 800793500
1920000, 120, 802523500
1920000, 122, 811984000
1920000, 124, 814462500
1920000, 126, 825380000
1920000, 128, 834887600
1920000, 130, 836638400
1920000, 132, 841596100
1920000, 134, 846677000
1920000, 136, 851791800
1920000, 138, 862360100
1920000, 140, 862312700
1920000, 142, 873725900
1920000, 144, 879239600
1920000, 146, 887080300
1920000, 148, 891327800
1920000, 150, 893218900
1920000, 152, 909864300
1920000, 154, 909757000
1920000, 156, 908471900
1920000, 158, 920618000
1920000, 160, 926414100
1920000, 162, 935205200
1920000, 164, 937797000
1920000, 166, 951969800
1920000, 168, 953892800
1920000, 170, 957941500
1920000, 172, 961873300
1920000, 174, 975051300
1920000, 176, 1000700400
1920000, 178, 985151500
1920000, 180, 985591200
1920000, 182, 1003791600
1920000, 184, 1003468200
1920000, 186, 1011419200
1920000, 188, 1013945000
1920000, 190, 1019846900
1920000, 192, 1022946000
1920000, 194, 1037649200
1920000, 196, 1036455800
1920000, 198, 1041698300
1920000, 200, 1052609900
1920000, 202, 1057777200
1920000, 204, 1066479100
1920000, 206, 1068585600
1920000, 208, 1071823400
1920000, 210, 1082710200
1920000, 212, 1083729800
1920000, 214, 1091952000
1920000, 216, 1101227600
1920000, 218, 1108517200
1920000, 220, 1110273700
1920000, 222, 1117536900
1920000, 224, 1128188500
1920000, 226, 1126118100
1920000, 228, 1141979700
1920000, 230, 1139216900
1920000, 232, 1141142900
1920000, 234, 1151819900
1920000, 236, 1160717100
1920000, 238, 1164741500
1920000, 240, 1176322900
1920000, 242, 1180016600
1920000, 244, 1183451000
1920000, 246, 1189488800
1920000, 248, 1195572200
1920000, 250, 1206846300
1920000, 252, 1212742700
1920000, 254, 1211986500
1920000, 256, 1227517800
1920000, 258, 1230038600
1920000, 260, 1228854500
1920000, 262, 1238052800
1920000, 264, 1251756500
1920000, 266, 1252471700
1920000, 268, 1261846200
1920000, 270, 1263753000
1920000, 272, 1266665500
1920000, 274, 1276604900
1920000, 276, 1293435200
1920000, 278, 1284693300
1920000, 280, 1290846200
1920000, 282, 1302048800
1920000, 284, 1306741300
1920000, 286, 1306286000
1920000, 288, 1320226600
1920000, 290, 1329238900
1920000, 292, 1333485600
1920000, 294, 1337179800
1920000, 296, 1346560300
1920000, 298, 1358305500
1920000, 300, 1357377600
2560000, 2, 769102400
2560000, 4, 749934100
2560000, 6, 744437400
2560000, 8, 751485500
2560000, 10, 741811400
2560000, 12, 737550000
2560000, 14, 740985200
2560000, 16, 742807800
2560000, 18, 749769800
2560000, 20, 758133400
2560000, 22, 756548100
2560000, 24, 761562400
2560000, 26, 766462500
2560000, 28, 770992600
2560000, 30, 774039800
2560000, 32, 781900000
2560000, 34, 791253400
2560000, 36, 804380200
2560000, 38, 805694800
2560000, 40, 810852500
2560000, 42, 812186100
2560000, 44, 825730400
2560000, 46, 827888000
2560000, 48, 837327500
2560000, 50, 847040300
2560000, 52, 846729900
2560000, 54, 855464600
2560000, 56, 868019900
2560000, 58, 877875100
2560000, 60, 876432200
2560000, 62, 888948000
2560000, 64, 885410800
2560000, 66, 901830800
2560000, 68, 941101900
2560000, 70, 917222900
2560000, 72, 927413700
2560000, 74, 926977300
2560000, 76, 934984000
2560000, 78, 949927500
2560000, 80, 959510700
2560000, 82, 967075200
2560000, 84, 969670600
2560000, 86, 980211000
2560000, 88, 983863000
2560000, 90, 1001229400
2560000, 92, 1005041100
2560000, 94, 1011128100
2560000, 96, 1016964400
2560000, 98, 1022889600
2560000, 100, 1036481000
2560000, 102, 1038407200
2560000, 104, 1046700500
2560000, 106, 1051747000
2560000, 108, 1064646000
2560000, 110, 1076437000
2560000, 112, 1082111300
2560000, 114, 1086268300
2560000, 116, 1098473000
2560000, 118, 1102696700
2560000, 120, 1117097600
2560000, 122, 1126753900
2560000, 124, 1127602000
2560000, 126, 1141939400
2560000, 128, 1147121000
2560000, 130, 1160660500
2560000, 132, 1159472600
2560000, 134, 1172701100
2560000, 136, 1179454500
2560000, 138, 1189990300
2560000, 140, 1200119700
2560000, 142, 1203838100
2560000, 144, 1215839500
2560000, 146, 1221424100
2560000, 148, 1226668800
2560000, 150, 1227366000
2560000, 152, 1243878800
2560000, 154, 1253469900
2560000, 156, 1259522200
2560000, 158, 1265126100
2560000, 160, 1279557500
2560000, 162, 1284698400
2560000, 164, 1290193600
2560000, 166, 1294188300
2560000, 168, 1315315800
2560000, 170, 1315551000
2560000, 172, 1317706400
2560000, 174, 1327241400
2560000, 176, 1339934200
2560000, 178, 1351078000
2560000, 180, 1352213700
2560000, 182, 1365610400
2560000, 184, 1372714500
2560000, 186, 1381885900
2560000, 188, 1384867000
2560000, 190, 1396566200
2560000, 192, 1409277400
2560000, 194, 1412183900
2560000, 196, 1418021000
2560000, 198, 1430315100
2560000, 200, 1443627000
2560000, 202, 1447288300
2560000, 204, 1456558800
2560000, 206, 1465182800
2560000, 208, 1469472100
2560000, 210, 1473596500
2560000, 212, 1494266600
2560000, 214, 1499112400
2560000, 216, 1498623300
2560000, 218, 1516315100
2560000, 220, 1520563900
2560000, 222, 1528114100
2560000, 224, 1532147800
2560000, 226, 1545966800
2560000, 228, 1553575000
2560000, 230, 1562937100
2560000, 232, 1566240600
2560000, 234, 1570966400
2560000, 236, 1582978500
2560000, 238, 1581964700
2560000, 240, 1588798800
2560000, 242, 1605231400
2560000, 244, 1607051100
2560000, 246, 1619510200
2560000, 248, 1629308200
2560000, 250, 1631512200
2560000, 252, 1644213800
2560000, 254, 1656689800
2560000, 256, 1664093200
2560000, 258, 1667026000
2560000, 260, 1676580900
2560000, 262, 1687904800
2560000, 264, 1697367900
2560000, 266, 1700282000
2560000, 268, 1707483700
2560000, 270, 1724197400
2560000, 272, 1720139000
2560000, 274, 1731290000
2560000, 276, 1741844000
2560000, 278, 1746363900
2560000, 280, 1758167500
2560000, 282, 1764302300
2560000, 284, 1778054500
2560000, 286, 1779375900
2560000, 288, 1790067800
2560000, 290, 1797775600
2560000, 292, 1807809700
2560000, 294, 1817559000
2560000, 296, 1820895800
2560000, 298, 1829639300
2560000, 300, 1843224000
3840000, 2, 1216825400
3840000, 4, 1217245800
3840000, 6, 1194043200
3840000, 8, 1192460500
3840000, 10, 1184108800
3840000, 12, 1195362700
3840000, 14, 1193374800
3840000, 16, 1196508400
3840000, 18, 1190951800
3840000, 20, 1205646300
3840000, 22, 1209761400
3840000, 24, 1215048500
3840000, 26, 1231767200
3840000, 28, 1230551600
3840000, 30, 1242543100
3840000, 32, 1251221800
3840000, 34, 1271594300
3840000, 36, 1269175900
3840000, 38, 1275924800
3840000, 40, 1296171700
3840000, 42, 1300878100
3840000, 44, 1312760700
3840000, 46, 1325186300
3840000, 48, 1330279000
3840000, 50, 1343395400
3840000, 52, 1349260200
3840000, 54, 1361637400
3840000, 56, 1375754800
3840000, 58, 1384856700
3840000, 60, 1397293600
3840000, 62, 1396156000
3840000, 64, 1464223600
3840000, 66, 1431959600
3840000, 68, 1440428900
3840000, 70, 1475166200
3840000, 72, 1459605800
3840000, 74, 1474644300
3840000, 76, 1489811200
3840000, 78, 1501174200
3840000, 80, 1513035100
3840000, 82, 1520245900
3840000, 84, 1541042400
3840000, 86, 1542073100
3840000, 88, 1551058600
3840000, 90, 1577186600
3840000, 92, 1579226800
3840000, 94, 1595880700
3840000, 96, 1610325000
3840000, 98, 1613393200
3840000, 100, 1632891300
3840000, 102, 1635230500
3840000, 104, 1651722700
3840000, 106, 1660883600
3840000, 108, 1685675000
3840000, 110, 1690954800
3840000, 112, 1693574600
3840000, 114, 1712842200
3840000, 116, 1727228000
3840000, 118, 1732845100
3840000, 120, 1742258100
3840000, 122, 1757073800
3840000, 124, 1776233700
3840000, 126, 1780000600
3840000, 128, 1786006100
3840000, 130, 1809197700
3840000, 132, 1815698300
3840000, 134, 1823568400
3840000, 136, 1845862000
3840000, 138, 1847316300
3840000, 140, 1873070100
3840000, 142, 1876264800
3840000, 144, 1896998700
3840000, 146, 1900454400
3840000, 148, 1912002000
3840000, 150, 1931194200
3840000, 152, 1938914800
3840000, 154, 1945273700
3840000, 156, 1974302200
3840000, 158, 1975532500
3840000, 160, 1991263100
3840000, 162, 1995391900
3840000, 164, 2013348100
3840000, 166, 2030667800
3840000, 168, 2042716600
3840000, 170, 2047181400
3840000, 172, 2065333600
3840000, 174, 2075370200
3840000, 176, 2089822200
3840000, 178, 2097961900
3840000, 180, 2108390600
3840000, 182, 2133763700
3840000, 184, 2134612600
3840000, 186, 2154995400
3840000, 188, 2162930700
3840000, 190, 2167754900
3840000, 192, 2175591400
3840000, 194, 2200859700
3840000, 196, 2211094500
3840000, 198, 2219617400
3840000, 200, 2239914600
3840000, 202, 2243718600
3840000, 204, 2283929300
3840000, 206, 2271765000
3840000, 208, 2286745700
3840000, 210, 2295310400
3840000, 212, 2301178400
3840000, 214, 2320139300
3840000, 216, 2402500000
3840000, 218, 2342711200
3840000, 220, 2354746600
3840000, 222, 2370745800
3840000, 224, 2381008200
3840000, 226, 2389541100
3840000, 228, 2411286400
3840000, 230, 2424097400
3840000, 232, 2429170200
3840000, 234, 2435274900
3840000, 236, 2453059700
3840000, 238, 2473782200
3840000, 240, 2479190300
3840000, 242, 2486033000
3840000, 244, 2500797000
3840000, 246, 2549303800
3840000, 248, 2519941700
3840000, 250, 2536379500
3840000, 252, 2544438200
3840000, 254, 2557144800
3840000, 256, 2576937900
3840000, 258, 2586877100
3840000, 260, 2594162500
3840000, 262, 2621905500
3840000, 264, 2624860100
3840000, 266, 2640030200
3840000, 268, 2680971400
3840000, 270, 2663521700
3840000, 272, 2667120000
3840000, 274, 2687694500
3840000, 276, 2695895600
3840000, 278, 2712804400
3840000, 280, 2724384800
3840000, 282, 2729508500
3840000, 284, 2742640800
3840000, 286, 2752532300
3840000, 288, 2757767400
3840000, 290, 2779625500
3840000, 292, 2793435200
3840000, 294, 2803252500
3840000, 296, 2812077700
3840000, 298, 2838458600
3840000, 300, 2851173000
5120000, 2, 1718472600
5120000, 4, 1706173000
5120000, 6, 1682599500
5120000, 8, 1697444600
5120000, 10, 1678290300
5120000, 12, 1682239500
5120000, 14, 1667081400
5120000, 16, 1668340100
5120000, 18, 1673929400
5120000, 20, 1688796200
5120000, 22, 1694934100
5120000, 24, 1713958600
5120000, 26, 1724101100
5120000, 28, 1727197500
5120000, 30, 1744822300
5120000, 32, 1749016300
5120000, 34, 1763586100
5120000, 36, 1780017100
5120000, 38, 1794667100
5120000, 40, 1794554100
5120000, 42, 1813694200
5120000, 44, 1830359700
5120000, 46, 1844279800
5120000, 48, 1856597500
5120000, 50, 1875186400
5120000, 52, 1889113200
5120000, 54, 1903802900
5120000, 56, 1938344000
5120000, 58, 1982199700
5120000, 60, 1955081200
5120000, 62, 1951192000
5120000, 64, 1974273600
5120000, 66, 1980835700
5120000, 68, 2016808600
5120000, 70, 2021943300
5120000, 72, 2029183100
5120000, 74, 2047380700
5120000, 76, 2059247300
5120000, 78, 2078097500
5120000, 80, 2093398100
5120000, 82, 2116354800
5120000, 84, 2137166600
5120000, 86, 2140405400
5120000, 88, 2161046400
5120000, 90, 2172951000
5120000, 92, 2187061900
5120000, 94, 2200778600
5120000, 96, 2211276500
5120000, 98, 2237266600
5120000, 100, 2256568100
5120000, 102, 2269098500
5120000, 104, 2294343900
5120000, 106, 2291497400
5120000, 108, 2323821000
5120000, 110, 2331086600
5120000, 112, 2340498400
5120000, 114, 2364087600
5120000, 116, 2390252900
5120000, 118, 2394668600
5120000, 120, 2407037000
5120000, 122, 2447182400
5120000, 124, 2443385600
5120000, 126, 2468602100
5120000, 128, 2477397200
5120000, 130, 2490503200
5120000, 132, 2511493000
5120000, 134, 2523141300
5120000, 136, 2533947400
5120000, 138, 2557935200
5120000, 140, 2572340000
5120000, 142, 2592381700
5120000, 144, 2609246400
5120000, 146, 2686880000
5120000, 148, 2647513300
5120000, 150, 2649271000
5120000, 152, 2680932400
5120000, 154, 2702374500
5120000, 156, 2707934700
5120000, 158, 2723053300
5120000, 160, 2738458200
5120000, 162, 2749450700
5120000, 164, 2777921000
5120000, 166, 2778078100
5120000, 168, 2797115900
5120000, 170, 2813839800
5120000, 172, 2827543300
5120000, 174, 2842089000
5120000, 176, 2862163800
5120000, 178, 2876501500
5120000, 180, 2889131000
5120000, 182, 2904151200
5120000, 184, 2921387100
5120000, 186, 2943387600
5120000, 188, 2969232100
5120000, 190, 2981511400
5120000, 192, 3004070300
5120000, 194, 3013518600
5120000, 196, 3032359300
5120000, 198, 3048479800
5120000, 200, 3061218600
5120000, 202, 3082679100
5120000, 204, 3099458700
5120000, 206, 3104563200
5120000, 208, 3130923500
5120000, 210, 3135441700
5120000, 212, 3168738700
5120000, 214, 3179108000
5120000, 216, 3203974500
5120000, 218, 3203519000
5120000, 220, 3220371100
5120000, 222, 3246228200
5120000, 224, 3258331900
5120000, 226, 3276432100
5120000, 228, 3286800700
5120000, 230, 3314850800
5120000, 232, 3321602500
5120000, 234, 3338767800
5120000, 236, 3359316000
5120000, 238, 3367369400
5120000, 240, 3376931700
5120000, 242, 3412155300
5120000, 244, 3415942800
5120000, 246, 3446897600
5120000, 248, 3456970300
5120000, 250, 3470525000
5120000, 252, 3484797600
5120000, 254, 3491343000
5120000, 256, 3514311600
5120000, 258, 3529160600
5120000, 260, 3542902300
5120000, 262, 3546688800
5120000, 264, 3582252800
5120000, 266, 3609972400
5120000, 268, 3623050200
5120000, 270, 3644034300
5120000, 272, 3655838800
5120000, 274, 3659249000
5120000, 276, 3689114300
5120000, 278, 3701924600
5120000, 280, 3716284500
5120000, 282, 3730800900
5120000, 284, 3739766100
5120000, 286, 3766828900
5120000, 288, 3781176900
5120000, 290, 3799453200
5120000, 292, 3812511500
5120000, 294, 3820754900
5120000, 296, 3850856000
5120000, 298, 3863659600
5120000, 300, 3876336600
7680000, 2, 2763684600
7680000, 4, 2741267300
7680000, 6, 2717502900
7680000, 8, 2709226500
7680000, 10, 2700632500
7680000, 12, 2708252200
7680000, 14, 2710889000
7680000, 16, 2690987200
7680000, 18, 2718138900
7680000, 20, 2730572200
7680000, 22, 2740251800
7680000, 24, 2763102600
7680000, 26, 2767834800
7680000, 28, 2780315000
7680000, 30, 2809383500
7680000, 32, 2809381000
7680000, 34, 2851965900
7680000, 36, 2856727300
7680000, 38, 2892983400
7680000, 40, 2882014000
7680000, 42, 2926655200
7680000, 44, 2944270300
7680000, 46, 2949850600
7680000, 48, 2993677500
7680000, 50, 3007211400
7680000, 52, 3036250200
7680000, 54, 3043052600
7680000, 56, 3058961900
7680000, 58, 3081068900
7680000, 60, 3112031700
7680000, 62, 3225895400
7680000, 64, 3148291700
7680000, 66, 3176503000
7680000, 68, 3197309900
7680000, 70, 3219577600
7680000, 72, 3228024100
7680000, 74, 3279309800
7680000, 76, 3289743100
7680000, 78, 3305548200
7680000, 80, 3329895700
7680000, 82, 3355014100
7680000, 84, 3394435400
7680000, 86, 3404024900
7680000, 88, 3417237900
7680000, 90, 3459001200
7680000, 92, 3495042900
7680000, 94, 3492411700
7680000, 96, 3520216600
7680000, 98, 3568645000
7680000, 100, 3540866000
7680000, 102, 3569659200
7680000, 104, 3600401100
7680000, 106, 3618274500
7680000, 108, 3667960700
7680000, 110, 3676632700
7680000, 112, 3698038700
7680000, 114, 3738203200
7680000, 116, 3756929300
7680000, 118, 3905360900
7680000, 120, 3807465100
7680000, 122, 3840576000
7680000, 124, 3850667000
7680000, 126, 3902860500
7680000, 128, 3900466000
7680000, 130, 3948197900
7680000, 132, 3937525300
7680000, 134, 3975619700
7680000, 136, 4005390300
7680000, 138, 4023513800
7680000, 140, 4054881100
7680000, 142, 4072363000
7680000, 144, 4095213500
7680000, 146, 4129816800
7680000, 148, 4139040300
7680000, 150, 4172359800
7680000, 152, 4196029900
7680000, 154, 4208131300
7680000, 156, 4258876100
7680000, 158, 4288178300
7680000, 160, 4285432400
7680000, 162, 4316722300
7680000, 164, 4353330400
7680000, 166, 4358633400
7680000, 168, 4376163800
7680000, 170, 4413023800
7680000, 172, 4434858300
7680000, 174, 4468745200
7680000, 176, 4487313600
7680000, 178, 4522241900
7680000, 180, 4531078600
7680000, 182, 4555780600
7680000, 184, 4587122500
7680000, 186, 4625697200
7680000, 188, 4618893600
7680000, 190, 4655066300
7680000, 192, 4684819100
7680000, 194, 4691279100
7680000, 196, 4784283500
7680000, 198, 4769103500
7680000, 200, 4777172200
7680000, 202, 4838456500
7680000, 204, 4836989100
7680000, 206, 4856042600
7680000, 208, 4876333700
7680000, 210, 4896779900
7680000, 212, 4917216000
7680000, 214, 4940088200
7680000, 216, 4991492800
7680000, 218, 4992365200
7680000, 220, 5016329700
7680000, 222, 5050323900
7680000, 224, 5065767800
7680000, 226, 5101741300
7680000, 228, 5189371800
7680000, 230, 5141060600
7680000, 232, 5167765600
7680000, 234, 5202315000
7680000, 236, 5225485100
7680000, 238, 5258610800
7680000, 240, 5282221900
7680000, 242, 5300728500
7680000, 244, 5314315400
7680000, 246, 5326916200
7680000, 248, 5354247200
7680000, 250, 5368625400
7680000, 252, 5418120800
7680000, 254, 5461650100
7680000, 256, 5454943100
7680000, 258, 5489102000
7680000, 260, 5513864300
7680000, 262, 5523329700
7680000, 264, 5557266700
7680000, 266, 5583682300
7680000, 268, 5609179300
7680000, 270, 5745151800
7680000, 272, 5685860500
7680000, 274, 5676180800
7680000, 276, 5715796700
7680000, 278, 5731140300
7680000, 280, 5749659800
7680000, 282, 5838765400
7680000, 284, 5811531300
7680000, 286, 5853985400
7680000, 288, 5845932500
7680000, 290, 5864384400
7680000, 292, 5892836500
7680000, 294, 5911387300
7680000, 296, 5954561700
7680000, 298, 5965148200
7680000, 300, 6002278300
10240000, 2, 3842817400
10240000, 4, 3801651600
10240000, 6, 3789343100
10240000, 8, 3765468700
10240000, 10, 3784185200
10240000, 12, 3785196700
10240000, 14, 3775230000
10240000, 16, 3787701500
10240000, 18, 3806563100
10240000, 20, 3811847400
10240000, 22, 3836386600
10240000, 24, 3843811300
10240000, 26, 3937753400
10240000, 28, 3868674000
10240000, 30, 3922065600
10240000, 32, 3954101500
10240000, 34, 3968929200
10240000, 36, 4002024800
10240000, 38, 4010405700
10240000, 40, 4032594600
10240000, 42, 4092866500
10240000, 44, 4083564000
10240000, 46, 4141242700
10240000, 48, 4139941600
10240000, 50, 4193710700
10240000, 52, 4216508500
10240000, 54, 4236267700
10240000, 56, 4283111500
10240000, 58, 4310755400
10240000, 60, 4317545100
10240000, 62, 4365356400
10240000, 64, 4381342700
10240000, 66, 4433255100
10240000, 68, 4480026800
10240000, 70, 4486655900
10240000, 72, 4487888200
10240000, 74, 4533185000
10240000, 76, 4571475800
10240000, 78, 4606245500
10240000, 80, 4635007200
10240000, 82, 4681851200
10240000, 84, 4687090700
10240000, 86, 4760699000
10240000, 88, 4765776800
10240000, 90, 4807915200
10240000, 92, 4826927300
10240000, 94, 4829892100
10240000, 96, 4958664000
10240000, 98, 4920531400
10240000, 100, 4931430000
10240000, 102, 4977212200
10240000, 104, 4980561200
10240000, 106, 5043101100
10240000, 108, 5053744900
10240000, 110, 5153361200
10240000, 112, 5119790100
10240000, 114, 5180090800
10240000, 116, 5180028100
10240000, 118, 5195366400
10240000, 120, 5276100500
10240000, 122, 5276480200
10240000, 124, 5389119600
10240000, 126, 5359951900
10240000, 128, 5392018300
10240000, 130, 5426714600
10240000, 132, 5423630500
10240000, 134, 5476748300
10240000, 136, 5502390000
10240000, 138, 5571322700
10240000, 140, 5588240700
10240000, 142, 5609269200
10240000, 144, 5666868500
10240000, 146, 5676491500
10240000, 148, 5696736200
10240000, 150, 5765670200
10240000, 152, 5773893300
10240000, 154, 5806914300
10240000, 156, 5826044200
10240000, 158, 5861043900
10240000, 160, 5903955500
10240000, 162, 5951645600
10240000, 164, 5965439100
10240000, 166, 6004334200
10240000, 168, 6063682300
10240000, 170, 6061848400
10240000, 172, 6117918500
10240000, 174, 6125012600
10240000, 176, 6159766100
10240000, 178, 6177200200
10240000, 180, 6205519600
10240000, 182, 6314293900
10240000, 184, 6304212800
10240000, 186, 6332477200
10240000, 188, 6343913400
10240000, 190, 6393472400
10240000, 192, 6417558000
10240000, 194, 6442313200
10240000, 196, 6471296800
10240000, 198, 6525896600
10240000, 200, 6578275300
10240000, 202, 6572089600
10240000, 204, 6621809900
10240000, 206, 6643672300
10240000, 208, 6664490200
10240000, 210, 6703421200
10240000, 212, 6740845600
10240000, 214, 6785818100
10240000, 216, 6856855400
10240000, 218, 6825329400
10240000, 220, 6898076100
10240000, 222, 6943150100
10240000, 224, 6978176800
10240000, 226, 6980853300
10240000, 228, 7032398800
10240000, 230, 7029722700
10240000, 232, 7084052200
10240000, 234, 7167362700
10240000, 236, 7130956300
10240000, 238, 7180947800
10240000, 240, 7168955600
10240000, 242, 7234002200
10240000, 244, 7295443400
10240000, 246, 7288415300
10240000, 248, 7373874800
10240000, 250, 7373760000
10240000, 252, 7440141400
10240000, 254, 7446987600
10240000, 256, 7457502500
10240000, 258, 7478971900
10240000, 260, 7523642000
10240000, 262, 7587570600
10240000, 264, 7602955300
10240000, 266, 7669129600
10240000, 268, 7662946700
10240000, 270, 7796340600
10240000, 272, 7769455600
10240000, 274, 7759658700
10240000, 276, 7806783000
10240000, 278, 7834927200
10240000, 280, 7845790900
10240000, 282, 7901412600
10240000, 284, 7924477800
10240000, 286, 8012440100
10240000, 288, 7990963700
10240000, 290, 8070515300
10240000, 292, 8023838700
10240000, 294, 8097627800
10240000, 296, 8135418500
10240000, 298, 8147971100
10240000, 300, 8161879000
15360000, 2, 6213140600
15360000, 4, 6168123700
15360000, 6, 6110639400
15360000, 8, 6091164500
15360000, 10, 6080450100
15360000, 12, 6094476300
15360000, 14, 6140492900
15360000, 16, 6161848500
15360000, 18, 6154203100
15360000, 20, 6234135700
15360000, 22, 6180653300
15360000, 24, 6191437600
15360000, 26, 6242934400
15360000, 28, 6317256700
15360000, 30, 6247615000
15360000, 32, 6320849900
15360000, 34, 6318909900
15360000, 36, 6340787400
15360000, 38, 6404416900
15360000, 40, 6464141600
15360000, 42, 6489664100
15360000, 44, 6530165300
15360000, 46, 6650105700
15360000, 48, 6690339000
15360000, 50, 6681670500
15360000, 52, 6727272100
15360000, 54, 6820460500
15360000, 56, 6866838000
15360000, 58, 6970235600
15360000, 60, 6872842000
15360000, 62, 6986000800
15360000, 64, 6939293800
15360000, 66, 6970873300
15360000, 68, 7158896900
15360000, 70, 7108469900
15360000, 72, 7130305300
15360000, 74, 7195911700
15360000, 76, 7202280500
15360000, 78, 7412249300
15360000, 80, 7366924000
15360000, 82, 7368090500
15360000, 84, 7407925400
15360000, 86, 7479451000
15360000, 88, 7512649900
15360000, 90, 7541207400
15360000, 92, 7649271300
15360000, 94, 7600798600
15360000, 96, 7648805900
15360000, 98, 7703868600
15360000, 100, 7784192600
15360000, 102, 7842895900
15360000, 104, 7854322900
15360000, 106, 7964104500
15360000, 108, 8081513600
15360000, 110, 8079386500
15360000, 112, 8088495000
15360000, 114, 8212053900
15360000, 116, 8206220600
15360000, 118, 8210041800
15360000, 120, 8282659900
15360000, 122, 8377705000
15360000, 124, 8424423400
15360000, 126, 8575870100
15360000, 128, 8463652700
15360000, 130, 8515326200
15360000, 132, 8614421500
15360000, 134, 8602032200
15360000, 136, 8648294100
15360000, 138, 8719662700
15360000, 140, 8817121900
15360000, 142, 8851441700
15360000, 144, 8815627600
15360000, 146, 8905192700
15360000, 148, 9054195200
15360000, 150, 9104946700
15360000, 152, 9048634300
15360000, 154, 9089948300
15360000, 156, 9184621400
15360000, 158, 9162612600
15360000, 160, 9279286100
15360000, 162, 9277512200
15360000, 164, 9356766800
15360000, 166, 9416977700
15360000, 168, 9427428200
15360000, 170, 9501061100
15360000, 172, 9564684100
15360000, 174, 9600978800
15360000, 176, 9579486300
15360000, 178, 9672408300
15360000, 180, 9737664100
15360000, 182, 9798989200
15360000, 184, 9884257200
15360000, 186, 9872329800
15360000, 188, 9986893700
15360000, 190, 10049487600
15360000, 192, 10126289000
15360000, 194, 10034529500
15360000, 196, 10212422400
15360000, 198, 10224939600
15360000, 200, 10225528400
15360000, 202, 10260207900
15360000, 204, 10334323400
15360000, 206, 10347350200
15360000, 208, 10405452200
15360000, 210, 10488121900
15360000, 212, 10546295600
15360000, 214, 10629470700
15360000, 216, 10642003800
15360000, 218, 10761242500
15360000, 220, 11189565800
15360000, 222, 10853758800
15360000, 224, 10873168600
15360000, 226, 11019655000
15360000, 228, 10953162800
15360000, 230, 10995892200
15360000, 232, 11025803500
15360000, 234, 11125116100
15360000, 236, 11184645500
15360000, 238, 11219268300
15360000, 240, 11326801900
15360000, 242, 11282399700
15360000, 244, 11324614900
15360000, 246, 11398859200
15360000, 248, 11462420800
15360000, 250, 11579030400
15360000, 252, 11553228500
15360000, 254, 11605524300
15360000, 256, 11631991900
15360000, 258, 11700321900
15360000, 260, 11826587000
15360000, 262, 11840815300
15360000, 264, 11919836800
15360000, 266, 11911073700
15360000, 268, 11934732500
15360000, 270, 12011172000
15360000, 272, 12053201800
15360000, 274, 12092804300
15360000, 276, 12164227900
15360000, 278, 12175331900
15360000, 280, 12243726000
15360000, 282, 12323854500
15360000, 284, 12363087500
15360000, 286, 12502537400
15360000, 288, 12427769600
15360000, 290, 12512852100
15360000, 292, 12490876700
15360000, 294, 12572084900
15360000, 296, 12632417900
15360000, 298, 12668556900
15360000, 300, 12735993200
20480000, 2, 8728171900
20480000, 4, 8719843800
20480000, 6, 8691820600
20480000, 8, 8597291300
20480000, 10, 8598267800
20480000, 12, 8601764700
20480000, 14, 8580931100
20480000, 16, 8572919500
20480000, 18, 8639376100
20480000, 20, 8614903700
20480000, 22, 8668430200
20480000, 24, 8686015600
20480000, 26, 8723644700
20480000, 28, 8779478900
20480000, 30, 8821473800
20480000, 32, 8836623500
20480000, 34, 8885539600
20480000, 36, 8958445700
20480000, 38, 8963638000
20480000, 40, 9095993000
20480000, 42, 9112066800
20480000, 44, 9131127000
20480000, 46, 9198869400
20480000, 48, 9208422900
20480000, 50, 9394348500
20480000, 52, 9455199100
20480000, 54, 9465648300
20480000, 56, 9453936500
20480000, 58, 9569225800
20480000, 60, 9613415600
20480000, 62, 9640464300
20480000, 64, 9693327500
20480000, 66, 9774258800
20480000, 68, 9852965300
20480000, 70, 9896164700
20480000, 72, 9919328700
20480000, 74, 10013217300
20480000, 76, 10066918700
20480000, 78, 10087266300
20480000, 80, 10177499200
20480000, 82, 10197983700
20480000, 84, 10277554900
20480000, 86, 10310762800
20480000, 88, 10438061800
20480000, 90, 10520335500
20480000, 92, 10519724300
20480000, 94, 10589537800
20480000, 96, 10743970400
20480000, 98, 10710589100
20480000, 100, 10812038500
20480000, 102, 10873408300
20480000, 104, 10945776500
20480000, 106, 11012740300
20480000, 108, 11039765200
20480000, 110, 11118085400
20480000, 112, 11193639700
20480000, 114, 11286350600
20480000, 116, 11306107300
20480000, 118, 11347294400
20480000, 120, 11443642900
20480000, 122, 11454268100
20480000, 124, 11586614900
20480000, 126, 11595304800
20480000, 128, 11685123000
20480000, 130, 11717803700
20480000, 132, 11771230800
20480000, 134, 11883002800
20480000, 136, 11947975000
20480000, 138, 12022480800
20480000, 140, 12001181000
20480000, 142, 12127110500
20480000, 144, 12297914800
20480000, 146, 12297938600
20480000, 148, 12313504700
20480000, 150, 12395271900
20480000, 152, 12491095400
20480000, 154, 12492473900
20480000, 156, 12548626700
20480000, 158, 12650129700
20480000, 160, 12751636800
20480000, 162, 12706973600
20480000, 164, 12865356300
20480000, 166, 12925396400
20480000, 168, 12962788700
20480000, 170, 13001862800
20480000, 172, 13119064600
20480000, 174, 13221750600
20480000, 176, 13206442900
20480000, 178, 13317123400
20480000, 180, 13580605200
20480000, 182, 13478504800
20480000, 184, 13596207100
20480000, 186, 13589414200
20480000, 188, 13649963300
20480000, 190, 13739954900
20480000, 192, 13816600900
20480000, 194, 13879689900
20480000, 196, 13969000500
20480000, 198, 13987959800
20480000, 200, 14041148700
20480000, 202, 14130046300
20480000, 204, 14147114300
20480000, 206, 14245216300
20480000, 208, 14258747500
20480000, 210, 14378425700
20480000, 212, 14535783200
20480000, 214, 14482446800
20480000, 216, 14567895200
20480000, 218, 14672696200
20480000, 220, 14743498000
20480000, 222, 14792873300
20480000, 224, 14869326800
20480000, 226, 14866449200
20480000, 228, 15010352800
20480000, 230, 15110259400
20480000, 232, 15084941700
20480000, 234, 15200587800
20480000, 236, 15238710300
20480000, 238, 15260072600
20480000, 240, 15404398500
20480000, 242, 15517842300
20480000, 244, 15501270900
20480000, 246, 15596886500
20480000, 248, 15578050300
20480000, 250, 15706609400
20480000, 252, 15768019900
20480000, 254, 15875172900
20480000, 256, 15943542300
20480000, 258, 15930869200
20480000, 260, 16018992500
20480000, 262, 15964512900
20480000, 264, 16178200500
20480000, 266, 16102612900
20480000, 268, 16208656900
20480000, 270, 16298941900
20480000, 272, 16349994500
20480000, 274, 16340623800
20480000, 276, 16464074100
20480000, 278, 16602372300
20480000, 280, 16605694500
20480000, 282, 16638924000
20480000, 284, 16784112600
20480000, 286, 16823337500
20480000, 288, 16849126700
20480000, 290, 16954865600
20480000, 292, 16964012300
20480000, 294, 17028855200
20480000, 296, 17120056100
20480000, 298, 17270549600
20480000, 300, 17294529600
